surrounded,club,plan,hope,gentle,expression,truck,support,dozen,fought,car,invented,effect,thing,mistake,factor,rocky,lot,lack,beyond,complete,vessels,nose,grain,explain,draw,merely,fort,value,who,he,black,parts,oil,troops,tobacco,obtain,fight,noise,science,wire,facing,suddenly,that,almost,language,bite,say,sit
hall,grain,weak,higher,announced,running,tired,wolf,bark,nearer,rule,beside,brief,lion,enter,duck,new,sleep,eight,space,fresh,early,lead,specific,loud,popular,hit,through,dangerous,meet,rice,experiment,outside,zero,acres,child,western,canal,go,label,fix,local,officer,necessary,parent,sudden,tightly,dog,ordinary
nervous,giving,particles,reach,giving,kitchen,tin,built,equator,play,lungs,knew,behavior,accident,cage,firm,split,little,aboard,sudden,strong,music,bottle,attached,birth,trick,complete,market,larger,wooden,nobody,pictured,claws,hill,respect,aboard,alike,wood,saved,replied,faster,forth,basket,indicate,subject,raw,white,hide,same
same,honor,nearest,got,see,function,spread,leader,root,got,therefore,chain,heading,army,care,excitement,road,wherever,almost,treated,traffic,song,suit,late,like,airplane,poet,later,wolf,place,tune,own,adjective,newspaper,folks,right,tool,thin,sleep,some,worker,lungs,teach,felt,fresh,kill,equal,path,matter
energy,become,teacher,away,shelter,vast,love,variety,us,enter,rush,carefully,somebody,weather,began,doubt,opinion,president,film,highest,belt,chain,pencil,thus,brief,pitch,she,social,unit,situation,sets,basis,fresh,desert,variety,third,definition,lake,faster,dry,plain,scene,dirt,effort,needed,distance,directly,him,good
biggest,flag,gas,parallel,personal,with,army,point,please,slow,suit,point,sea,each,satisfied,fact,even,twelve,basic,replace,everything,religious,stairs,trick,real,mix,phrase,silk,donkey,came,truth,bus,hurt,carefully,small,fifty,won,choice,captured,circus,needs,corn,variety,noted,load,twice,lift,aloud,very
stronger,imagine,under,silence,clear,cheese,go,feed,test,crew,imagine,farm,soft,family,form,trade,out,equally,help,likely,frozen,southern,orbit,vessels,wrong,city,railroad,felt,poor,love,between,standard,pictured,syllable,impossible,please,gravity,prove,parallel,beautiful,increase,wave,facing,arrow,hole,arrange,exact,sign,massage
terrible,master,suit,frame,practice,taken,sitting,perfect,college,airplane,spend,roof,rhyme,did,enjoy,damage,experiment,within,father,fight,purple,tail,hollow,grown,exact,our,closer,common,entire,answer,sat,paragraph,actual,harder,element,for,better,contrast,settle,structure,heavy,garden,women,sure,them,long,century,win,rising
dangerous,arm,make,solve,pot,surface,review,pet,ask,great,coal,addition,bigger,known,more,forgot,train,power,pattern,gave,model,hidden,failed,who,modern,design,love,natural,wherever,away,north,run,old,more,review,require,courage,dollar,wire,willing,thread,out,easily,bee,cheese,deer,fix,changing,number
canal,final,moon,melted,imagine,barn,difference,band,tide,completely,meet,origin,return,arrange,some,wear,cold,pull,silver,nation,supper,sang,married,return,seeing,equal,sport,young,verb,eager,flight,ready,dry,story,word,finger,help,ago,whale,daily,double,leaf,mass,thing,repeat,correct,union,tall,bite
even,garage,hundred,possibly,myself,satellites,born,wheel,effort,village,got,floating,court,average,lift,exist,wet,bottle,enter,plural,ready,represent,across,purpose,fort,behavior,river,unusual,rhythm,piece,give,attention,hour,member,select,grabbed,development,test,path,declared,ability,climate,future,potatoes,pretty,contain,purpose,heat,any
sail,shoulder,sky,suggest,alive,basic,dear,recently,satellites,diagram,thin,more,wife,anything,sink,sheet,shinning,ocean,specific,moment,tribe,pass,ball,flow,smallest,recently,pan,supply,pipe,orange,voice,favorite,well,mouse,problem,wind,coming,most,dot,bicycle,double,pound,provide,helpful,exclaimed,beautiful,special,perfectly,something
order,steady,flower,anyway,evening,author,try,steep,struggle,quiet,choose,dig,ordinary,recent,halfway,slow,selection,trade,cool,riding,shallow,thirty,pine,different,must,younger,perfect,company,up,gas,suppose,mighty,across,necessary,usually,package,dot,ruler,around,box,chest,extra,as,mind,both,about,had,warn,pig
herd,wrapped,pleasure,realize,wool,problem,rays,correctly,unusual,lie,ate,occasionally,everywhere,place,tightly,till,cloth,star,powerful,shop,wagon,ahead,purpose,various,highest,duty,meat,port,class,troops,feed,luck,grade,pay,buffalo,court,shinning,yesterday,hat,composition,plenty,using,certainly,hill,sit,opportunity,laid,various,hole
successful,during,me,positive,will,environment,drove,rise,slope,scared,pet,she,easier,seldom,hung,further,fair,result,least,light,spoken,union,ago,tax,last,why,environment,fly,author,gradually,band,teach,flower,tide,guide,it,lower,recently,bank,drink,few,variety,gather,cell,return,soon,many,shaking,upward
daily,victory,announced,base,dozen,meat,traffic,cost,knowledge,rocket,minerals,handle,parts,concerned,farmer,breathing,automobile,slightly,area,string,far,rock,parallel,blind,constantly,everybody,drive,birthday,hurried,shoulder,science,shut,pay,tired,slow,attention,although,taste,somehow,apart,what,dust,pictured,measure,tune,indeed,moving,sides,drink
specific,perfectly,effect,percent,develop,model,softly,same,afternoon,student,arrow,rock,shoot,atom,it,on,ten,shinning,related,stay,pipe,buffalo,forget,disease,left,using,point,serious,faster,free,facing,same,spider,point,almost,particular,discover,garage,foot,be,forest,parts,movement,youth,column,setting,police,common,nervous
shout,won,anyone,gasoline,clearly,question,silver,live,suddenly,belong,various,former,ten,pretty,trouble,bet,numeral,motion,cast,plant,climb,anything,at,dirty,whose,composed,ride,slipped,television,atmosphere,mud,heavy,affect,unusual,sand,mile,thank,prevent,combination,come,pencil,matter,discussion,instrument,table,cabin,announced,union,exciting
deeply,but,hearing,money,herd,blood,automobile,mistake,complex,sweet,opposite,time,test,flower,directly,tower,building,worse,health,breathe,already,helpful,listen,organization,physical,possible,lips,guard,steam,manner,theory,air,quiet,knowledge,dirty,lot,region,exchange,announced,person,near,proud,present,trap,drove,share,sudden,chest,each
settle,blew,lady,mine,easy,nothing,coming,force,protection,gave,rise,trace,color,pride,dried,situation,bank,farmer,church,vessels,twice,task,affect,raise,cook,right,lost,pleasant,easier,state,swept,tape,happy,leaving,exciting,position,tall,station,morning,manner,chest,brief,becoming,gray,reason,dust,headed,under,hang
largest,route,element,hour,hardly,crop,sing,horse,opposite,very,shake,afraid,fewer,certainly,raise,tune,group,sang,cross,fully,strong,flew,buried,lead,vowel,effect,front,chest,clothing,die,season,middle,slept,lamp,motion,silence,dirty,correct,rate,exact,meant,town,individual,entire,never,hall,hunter,nodded,diameter
food,pole,far,total,imagine,studying,occur,cat,bread,browserling,gold,held,cowboy,second,peace,world,during,decide,consonant,fine,burst,slip,felt,difficulty,flame,ice,train,shaking,away,form,want,at,bent,paper,moving,soldier,line,kids,apple,nervous,grabbed,owner,language,higher,frequently,have,tape,progress,single
closer,completely,section,gently,worse,boat,driven,noun,rice,specific,managed,cup,draw,soldier,lower,explore,put,swing,lesson,aboard,egg,environment,grandfather,halfway,value,cowboy,while,soldier,ran,wall,rich,pink,drive,situation,has,kept,shape,most,method,exchange,laugh,choose,affect,tiny,enjoy,value,lucky,brave,wild
especially,triangle,pocket,below,hidden,men,buried,past,took,many,region,skin,section,stuck,snake,television,proper,describe,poet,charge,any,lake,instead,lie,particular,musical,atom,bite,writer,lunch,heard,break,increase,gun,wash,shall,space,tired,characteristic,easily,flow,below,fear,loud,golden,program,section,railroad,avoid
police,trouble,hospital,oxygen,favorite,order,north,frog,solution,accept,gas,afraid,living,read,unless,front,glass,rule,merely,went,leaf,freedom,raise,origin,personal,could,salt,beyond,running,brown,thee,said,wrapped,iron,correct,nine,quietly,tried,rose,accurate,anyone,basis,think,attack,large,sent,potatoes,exciting,upper
writer,select,difficult,shall,those,stopped,luck,wife,fact,fix,remarkable,beneath,beauty,cold,six,wheel,equator,pet,gradually,anywhere,somebody,business,dirty,newspaper,news,weak,shown,size,unknown,slope,hay,warm,contain,advice,coast,wheat,upon,two,day,ahead,beauty,species,saddle,make,famous,broad,story,arrow,poet
built,until,plant,gravity,use,top,tin,flies,remain,suit,serve,when,mass,pride,tired,pull,thus,verb,bare,weather,girl,break,secret,population,behavior,garage,salmon,language,waste,three,about,health,fair,struggle,ahead,sudden,search,single,those,chapter,clock,goes,statement,plus,join,thou,minerals,apartment,reach
income,number,right,loss,individual,discuss,dinner,chamber,respect,cut,tube,along,charge,leaf,noise,beside,unhappy,darkness,gone,clean,tank,facing,bet,shout,lunch,market,forgotten,show,met,broke,separate,let,to,dark,thee,pitch,means,chart,charge,easier,gas,cast,main,rich,stomach,audience,character,officer,forward
dark,political,as,horse,sheep,flame,regular,union,drop,realize,slip,national,unit,flag,help,properly,weigh,quick,darkness,worry,course,plain,rocket,lamp,threw,warm,noun,deal,when,arrangement,gain,construction,setting,twice,hall,atmosphere,camp,nuts,today,final,add,cup,journey,unusual,many,wear,share,given,onlinetools
great,pound,stream,record,complex,hour,save,where,missing,child,pure,loud,themselves,reach,possible,hundred,prepare,two,whose,triangle,doctor,load,charge,close,furniture,off,limited,bush,plates,complex,reader,finally,grade,six,bare,spite,branch,burn,change,me,farther,next,spent,closer,region,value,gently,immediately,jungle
hit,usual,south,ourselves,library,very,mind,whole,fastened,voice,enough,heavy,tried,develop,shorter,diagram,lunch,safe,locate,tried,gold,highway,table,instead,straw,ranch,us,pool,income,card,thing,trick,part,eleven,food,soil,spend,meal,whose,music,blood,mile,apple,three,recent,can,worried,oil,with
bat,there,former,police,honor,weather,cause,greater,essential,speech,itself,went,block,species,wind,waste,behind,fifty,milk,sink,student,proper,that,until,connected,rose,replace,box,duck,pool,war,he,test,hill,social,complete,manufacturing,noun,opposite,something,women,pile,stronger,nothing,as,by,coat,mind,stretch
himself,pictured,port,under,did,lesson,tree,number,what,wash,cent,against,breeze,dried,anybody,map,suppose,jump,avoid,safety,sail,shine,guard,remain,sunlight,ahead,specific,amount,troops,morning,pan,month,movement,being,park,heart,every,agree,swung,indeed,swim,original,tell,member,handsome,handsome,closer,shall,spite
everybody,income,chain,second,any,coast,reason,food,outline,ourselves,journey,able,coal,beautiful,shall,same,again,bridge,column,consist,every,night,stay,where,would,mathematics,see,vowel,easily,characteristic,belong,arrangement,built,sick,finest,tie,stood,know,doing,drive,needs,provide,clock,subject,whenever,pain,prize,automobile,account
car,movie,lot,cloud,speed,underline,mood,seen,sent,change,fuel,pictured,practice,arm,element,education,deep,rear,silk,strip,cannot,appropriate,dropped,trail,whispered,model,theory,indeed,nearby,whom,occasionally,receive,count,car,area,curve,oil,expression,ice,time,whatever,castle,describe,busy,figure,either,man,sand,pool
arrive,silence,brown,reader,express,bright,shinning,certainly,so,line,universe,before,roar,escape,empty,troops,huge,tie,garden,hit,guide,understanding,hungry,forgot,position,ought,shut,she,forth,impossible,business,uncle,go,among,determine,personal,attack,material,pan,buried,joined,movement,talk,pour,live,bone,five,those,coal
fought,function,upper,farther,man,rise,ring,experiment,zero,tea,pony,breeze,liquid,joined,handsome,gravity,nest,useful,due,buried,brought,shop,slide,golden,ten,bite,stomach,individual,sure,experiment,musical,particular,actually,valley,flow,either,herd,atom,every,require,am,comfortable,dollar,include,fire,follow,nothing,meat,window
aid,down,heard,whole,wolf,spend,bowl,park,either,asleep,vessels,duck,opinion,live,clearly,certainly,sad,tube,reader,look,coast,trap,parts,state,method,division,seat,trace,pen,hill,change,comfortable,equally,hard,he,iron,underline,oxygen,nine,meet,interest,present,strong,stock,must,major,avoid,born,window
today,running,talk,diagram,list,plastic,necessary,father,close,beyond,must,fog,balance,against,sign,please,wing,deer,saved,lonely,return,rabbit,wall,liquid,cold,number,garden,wheel,consonant,character,vegetable,sides,danger,pride,porch,ate,using,deep,magic,death,acres,surrounded,save,halfway,unknown,metal,former,twelve,closer
meat,traffic,forget,movie,afraid,throw,bean,grow,father,push,relationship,though,previous,meat,whale,away,special,evidence,sang,additional,night,sing,liquid,somehow,wind,vegetable,claws,occasionally,at,shine,courage,blow,test,cook,cap,birds,country,cutting,type,metal,step,bread,peace,supply,clean,dinner,eye,also,prepare
happen,chain,people,forest,lovely,lose,several,broken,ask,stood,sharp,thumb,fifth,or,valley,track,mean,bottle,twenty,daughter,row,means,ask,blank,leader,real,drew,real,might,treated,author,flame,progress,certain,freedom,behind,sound,snake,tiny,river,middle,think,map,meat,affect,stream,applied,cave,wing
law,happen,bat,support,chain,familiar,gift,basket,tool,suddenly,community,loss,train,peace,gray,sale,not,fence,torn,green,idea,nodded,wet,truck,sometime,city,powerful,married,product,climb,rain,more,be,label,without,magic,highest,path,straight,hidden,have,square,guard,perfectly,save,most,seems,gray,wear
write,screen,cattle,slabs,pay,area,strength,year,article,diameter,mind,one,greatest,palace,flag,liquid,beside,honor,blanket,onlinetools,private,unless,why,diagram,physical,frog,sure,arrive,wait,level,cutting,experiment,disease,noted,so,period,earn,sound,basis,black,compare,happily,written,capital,again,library,friend,climb,effect
balloon,understanding,evidence,you,strike,determine,angry,ago,attack,damage,factor,tiny,giving,fastened,century,event,season,pure,powder,percent,cent,column,solution,sport,individual,pocket,cost,whenever,dinner,city,store,industry,observe,knowledge,protection,loss,bottle,avoid,mind,strong,chemical,signal,work,electricity,his,pencil,mathematics,enemy,loss
eye,dirt,alive,pictured,save,clear,east,see,breath,told,regular,work,related,goes,exciting,recall,dawn,wall,series,title,husband,between,truth,develop,string,setting,nation,opposite,iron,come,you,felt,himself,powder,waste,pull,it,tree,underline,dropped,to,pictured,involved,empty,labor,cattle,through,doing,burn
dream,huge,popular,sit,milk,furniture,hearing,studied,noon,rocket,condition,bat,section,longer,quietly,rather,skin,comfortable,speed,native,route,notice,daughter,here,noted,twice,require,settlers,chain,hide,lady,everyone,strip,melted,win,know,nature,money,broke,potatoes,stronger,influence,problem,sheet,usual,certainly,material,ahead,paragraph
thick,captured,partly,put,band,war,block,aware,handsome,pan,object,does,slip,show,route,until,egg,action,subject,giving,industry,environment,settle,either,bit,palace,be,from,report,farm,highway,correct,belt,softly,rain,lake,realize,after,block,pencil,cold,rest,free,birds,characteristic,thousand,origin,supper,laid
some,solid,pattern,blow,block,never,party,does,price,easy,storm,country,service,handle,lady,signal,village,creature,street,against,ability,gravity,quickly,dress,fair,native,object,type,passage,truth,course,except,club,snake,create,rush,away,reader,dull,half,stairs,have,motor,fear,obtain,held,control,none,down
pride,wire,pictured,attack,rich,shot,represent,diagram,apple,notice,danger,scene,purpose,palace,end,date,development,fully,beginning,branch,to,perfectly,grew,equipment,desert,official,year,battle,smaller,winter,ride,particularly,forgot,flies,pain,moment,same,division,this,high,paragraph,nice,large,clothing,glass,vegetable,dozen,rubbed,knew
sea,pour,result,sure,labor,iron,story,piano,gift,liquid,most,card,composition,date,fruit,post,exact,arrow,hearing,musical,chicken,shot,sheep,rhyme,race,hospital,result,come,continued,tower,cap,orange,eager,living,pitch,atomic,at,stock,salmon,share,own,shelter,sink,two,ship,inside,ourselves,bow,forty
joined,somehow,now,express,equipment,rubbed,pattern,feel,peace,adjective,according,cannot,run,elephant,from,underline,for,each,society,hour,circus,effect,oxygen,depend,in,selection,hide,surface,raw,handsome,attached,suggest,than,draw,fell,chart,needs,coach,dress,swimming,string,become,command,education,sat,evidence,farther,was,easier